ICD10,count
0,74
1,24
2,25
3,24
4,142
5,90
6,76
7,76
8,76
9,77
10,73
11,50
12,48
13,54
14,47
15,49
16,79
17,38
18,35
19,32
20,31
21,27
22,36
23,76
24,8
25,7
26,24
27,14
28,162
29,14
30,117
31,7
32,15
33,86
34,24
35,21
36,21
37,16
38,20
39,19
40,17
41,19
42,29
43,27
44,141
45,17
46,34
47,27
48,18
49,32
50,10
51,53
52,17
53,14
54,9
55,28
56,164
57,15
58,13
59,22
60,49
61,35
62,20
63,163
64,24
65,15
66,25
67,19
68,36
69,20
70,19
71,17
72,11
73,509
74,125
75,120
76,34
77,61
78,41
79,40
80,6
81,12
82,69
83,45
84,6
85,30
86,53
87,13
88,13
89,8
90,7
91,9
92,64
93,8
94,11
95,16
96,13
97,8
98,67
99,12
100,31
101,6
102,15
103,68
104,40
105,34
106,30
107,33
108,32
109,34
110,77
111,22
112,41
113,37
114,35
115,40
116,34
117,14
118,18
119,27
120,6
121,35
122,17
123,16
124,8
125,61
126,13
127,34
128,96
129,15
130,15
131,22
132,16
133,19
134,90
135,42
136,29
137,13
138,28
139,14
140,15
141,14
142,18
143,15
144,33
145,24
146,22
147,67
148,15
149,14
150,13
151,30
152,14
153,11
154,65
155,14
156,9
157,11
158,23
159,8
160,38
161,12
162,76
163,50
164,50
165,57
166,50
167,52
168,52
169,25
170,18
171,16
172,16
173,17
174,47
175,20
176,20
177,15
178,150
179,38
180,26
181,9
182,24
183,17
184,42
185,11
186,22
187,189
188,64
189,14
190,47
191,48
192,7
193,150
194,28
195,17
196,48
197,39
198,7
199,7
200,571
201,129
202,166
203,6
204,24
205,235
206,8
207,9
208,22
209,14
210,7
211,182
212,31
213,17
214,36
215,28
216,23
217,22
218,18
219,39
220,38
221,12
222,11
223,45
224,18
225,51
226,31
227,20
228,17
229,10
230,36
231,33
232,8
233,6
234,161
235,43
236,38
237,6
238,39
239,53
240,6
241,27
242,45
243,19
244,20
245,16
246,13
247,12
248,51
249,23
250,29
251,10
252,197
253,29
254,94
255,62
256,8
257,14
258,28
259,15
260,23
261,14
262,36
263,25
264,262
265,121
266,135
267,144
268,179
269,114
270,171
271,64
272,72
273,47
274,20
275,17
276,19
277,18
278,69
279,36
280,14
281,14
282,70
283,16
284,16
285,16
286,32
287,26
288,23
289,247
290,96
291,75
292,11
293,101
294,27
295,17
296,13
297,13
298,13
299,84
300,9
301,8
302,11
303,12
304,15
305,17
306,46
307,30
308,31
309,36
310,29
311,52
312,36
313,17
314,45
315,8
316,27
317,21
318,10
319,7
320,30
321,22
322,101
323,21
324,15
325,27
326,25
327,78
328,29
329,28
330,17
331,39
332,36
333,33
334,31
335,32
336,62
337,13
338,11
339,8
340,28
341,130
342,29
343,6
344,18
345,15
346,18
347,29
348,14
349,8
350,146
351,31
352,17
353,9
354,27
355,24
356,8
357,21
358,20
359,9
360,119
361,60
362,24
363,19
364,14
365,10
366,46
367,6
368,19
369,46
370,17
371,12
372,17
373,151
374,61
375,9
376,18
377,14
378,18
379,17
380,13
381,9
382,12
383,6
384,16
385,11
386,27
387,18
388,9
389,32
390,6
391,106
392,9
393,6
394,11
395,7
396,7
397,15
398,6
399,28
400,7
401,22
402,6
403,7
404,16
405,9
406,27
407,9
408,9
409,36
410,6
411,11
412,10
413,85
414,76
415,38
416,46
417,21
418,7
419,6
420,78
421,33
422,18
423,11
424,75
425,12
426,13
427,42
428,213
429,45
430,7
431,17
432,29
433,18
434,8
435,12
436,17
437,27
438,95
439,25
440,20
441,12
442,13
443,21
444,203
445,41
446,28
447,49
448,6
449,33
450,59
451,45
452,8
453,6
454,14
455,55
456,23
457,19
458,69
459,52
460,53
461,36
462,37
463,39
464,43
465,29
466,16
467,19
468,17
469,20
470,17
471,40
472,24
473,19
474,24
475,22
476,22
477,46
478,8
479,31
480,8
481,9
482,33
483,10
484,54
485,25
486,32
487,26
488,26
489,26
490,25
491,32
492,25
493,6
494,6
495,33
496,17
497,10
498,6
499,74
500,18
501,12
502,16
503,7
504,14
505,32
506,94
507,12
508,15
509,57
510,25
511,20
512,28
513,6
514,17
515,23
516,16
517,30
518,121
519,30
520,44
521,28
522,19
523,33
524,7
525,7
526,13
527,51
528,22
529,20
530,32
531,24
532,22
533,21
534,32
535,7
536,9
537,22
538,91
539,32
540,21
541,8
542,32
543,19
544,124
545,23
546,27
547,25
548,29
549,8
550,9
551,218
552,24
553,16
554,16
555,51
556,28
557,18
558,56
559,8
560,165
561,76
562,23
563,23
564,21
565,48
566,27
567,18
568,41
569,29
570,27
571,27
572,30
573,49
574,23
575,25
576,42
577,19
578,8
579,9
580,35
581,21
582,153
583,68
584,51
585,49
586,31
587,30
588,26
589,19
590,23
591,69
592,25
593,8
594,33
595,27
596,17
597,33
598,22
599,19
600,19
601,24
602,33
603,33
604,90
605,33
606,15
607,16
608,7
609,13
610,14
611,8
612,6
613,97
614,25
615,17
616,9
617,6
618,14
619,24
620,183
621,32
622,26
623,70
624,53
625,6
626,20
627,73
628,41
629,32
630,29
631,29
632,29
633,33
634,36
635,112
636,43
637,27
638,18
639,13
640,14
641,9
642,18
643,6
644,6
645,8
646,9
647,15
648,21
649,35
650,8
651,36
652,9
653,6
654,6
655,6
656,153
657,12
658,12
659,12
660,123
661,146
662,161
663,154
664,154
665,154
666,8
667,154
668,8
669,147
670,106
671,23
672,23
673,59
674,35
675,31
676,31
677,31
678,89
679,27
680,24
681,35
682,72
683,32
684,27
685,10
686,52
687,86
688,35
689,33
690,6
691,85
692,21
693,16
694,47
695,141
696,22
697,55
698,58
699,58
700,58
701,58
702,104
703,98
704,98
705,98
706,98
707,98
708,39
709,109
710,21
711,22
712,63
713,63
714,31
715,28
716,102
717,20
718,20
719,38
720,76
721,76
722,94
723,20
724,238
725,67
726,68
727,104
728,65
729,73
730,96
731,84
732,41
733,80
734,131
735,50
736,55
737,49
738,35
739,35
740,42
741,328
742,50
743,90
744,52
745,55
746,49
747,55
748,52
749,48
750,20
751,52
752,31
753,53
754,48
755,30
756,41
757,322
758,173
759,80
760,12
761,32
762,46
763,56
764,69
765,119
766,46
767,71
768,17
769,25
770,239
771,86
772,91
773,86
774,37
775,104
776,46
777,46
778,86
779,10
780,29
781,45
782,33
783,31
784,126
785,26
786,43
787,25
788,41
789,141
790,28
791,59
792,37
793,19
794,23
795,34
796,179
797,25
798,75
799,73
800,73
801,49
802,90
803,120
804,159
805,72
806,12
807,41
808,31
809,7
810,38
811,12
812,10
813,80
814,12
815,46
816,17
817,152
818,7
819,12
820,18
821,8
822,11
823,43
824,203
825,113
826,35
827,113
828,85
829,144
830,33
831,71
832,20
833,6
834,18
835,162
836,143
837,143
838,143
839,143
840,143
841,143
842,143
843,21
844,12
845,72
846,43
847,32
848,9
849,6
850,401
851,322
852,187
853,23
854,26
855,26
856,26
857,20
858,26
859,26
860,25
861,25
862,243
863,41
864,38
865,41
866,74
867,77
868,314
869,220
870,178
871,178
872,57
873,399
874,87
875,172
876,173
877,85
878,85
879,133
880,38
881,580
882,156
883,36
884,16
885,20
886,16
887,80
888,109
889,53
890,52
891,67
892,34
893,68
894,23
895,220
896,25
897,82
898,112
899,187
900,32
901,34
902,57
903,69
904,344
905,36
906,11
907,236
908,65
909,70
910,52
911,49
912,49
913,63
914,65
915,60
916,40
917,74
918,76
919,22
920,18
921,34
922,267
923,42
924,40
925,56
926,39
927,36
928,48
929,28
930,25
931,779
932,24
933,29
934,33
935,14
936,30
937,27
938,64
939,170
940,386
941,196
942,30
943,63
944,28
945,22
946,49
947,190
948,137
949,56
950,48
951,32
952,368
953,72
954,91
955,112
956,32
957,20
958,37
959,73
960,44
961,23
962,9
963,38
964,28
965,58
966,42
967,33
968,236
969,20
970,59
971,56
972,54
973,7
974,49
975,61
976,15
977,9
978,11
979,7
980,409
981,70
982,18
983,11
984,180
985,53
986,16
987,31
988,21
989,279
990,139
991,30
992,13
993,31
994,17
995,171
996,13
997,61
998,68
999,157
1000,44
1001,27
1002,30
1003,17
1004,74
1005,18
1006,15
1007,37
1008,285
1009,76
1010,99
1011,11
1012,36
1013,23
1014,8
1015,608
1016,327
1017,9
1018,24
1019,42
1020,49
1021,35
1022,8
1023,73
1024,57
1025,14
1026,219
1027,56
1028,66
1029,14
1030,24
1031,53
1032,100
1033,65
1034,29
1035,286
1036,115
1037,36
1038,8
1039,129
1040,29
1041,41
1042,58
1043,148
1044,33
1045,53
1046,33
1047,24
1048,146
1049,55
1050,21
1051,32
1052,36
1053,84
1054,7
1055,10
1056,18
1057,8
1058,11
1059,18
1060,90
1061,80
1062,80
1063,80
1064,80
1065,80
1066,80
1067,81
1068,96
1069,9
1070,23
1071,7
1072,57
1073,61
1074,11
1075,48
1076,125
1077,15
1078,24
1079,62
1080,19
1081,101
1082,71
1083,12
1084,12
1085,140
1086,16
1087,15
1088,23
1089,23
1090,40
1091,18
1092,32
1093,26
1094,378
1095,25
1096,21
1097,294
1098,31
1099,208
1100,17
1101,40
1102,50
1103,38
1104,57
1105,31
1106,23
1107,153
1108,91
1109,42
1110,17
1111,159
1112,12
1113,12
1114,12
1115,84
1116,69
1117,12
1118,12
1119,12
1120,20
1121,80
1122,6
1123,52
1124,346
1125,265
1126,79
1127,67
1128,17
1129,39
1130,18
1131,16
1132,14
1133,156
1134,8
1135,55
1136,16
1137,43
1138,22
1139,25
1140,34
1141,66
1142,21
1143,9
1144,28
1145,66
1146,51
1147,10
1148,10
1149,10
1150,20
1151,44
1152,39
1153,97
1154,31
1155,22
1156,89
1157,19
1158,25
1159,21
1160,18
1161,18
1162,6
1163,45
1164,13
1165,13
1166,6
1167,83
1168,44
1169,59
1170,26
1171,23
1172,8
1173,10
1174,566
1175,63
1176,65
1177,427
1178,13
1179,65
1180,32
1181,21
1182,8
1183,45
1184,29
1185,24
1186,11
1187,7
1188,96
1189,37
1190,52
1191,21
1192,17
1193,18
1194,8
1195,65
1196,58
1197,325
1198,31
1199,27
1200,13
1201,242
1202,30
1203,147
1204,42
1205,7
1206,84
1207,6
1208,610
1209,75
1210,138
1211,42
1212,32
1213,194
1214,202
1215,31
1216,32
1217,36
1218,24
1219,71
1220,61
1221,12
1222,6
1223,21
1224,12
1225,131
1226,55
1227,46
1228,22
1229,11
1230,6
1231,72
1232,8
1233,37
1234,23
1235,72
1236,30
1237,28
1238,6
1239,9
1240,10
1241,219
1242,17
1243,63
1244,111
1245,15
1246,9
1247,8
1248,296
1249,180
1250,57
1251,11
1252,12
1253,19
1254,26
1255,48
1256,141
1257,53
1258,57
1259,111
1260,56
1261,53
1262,458
1263,32
1264,26
1265,98
1266,303
1267,34
1268,205
1269,29
1270,91
1271,10
1272,32
1273,18
1274,25
1275,39
1276,12
1277,15
1278,33
1279,6
1280,21
1281,6
1282,8
1283,245
1284,185
1285,9
1286,12
1287,6
1288,32
1289,18
1290,10
1291,18
1292,15
1293,221
1294,94
1295,17
1296,17
1297,45
1298,37
1299,21
1300,34
1301,44
1302,51
1303,58
1304,742
1305,44
1306,43
1307,245
1308,17
1309,59
1310,124
1311,52
1312,833
1313,72
1314,216
1315,29
1316,79
1317,171
1318,33
1319,16
1320,233
1321,15
1322,119
1323,44
1324,213
1325,40
1326,10
1327,143
1328,19
1329,109
1330,7
1331,17
1332,22
1333,8
1334,15
1335,21
1336,18
1337,53
1338,30
1339,17
1340,6
1341,294
1342,21
1343,160
1344,57
1345,52
1346,118
1347,14
1348,13
1349,88
1350,7
1351,264
1352,75
1353,27
1354,6
1355,27
1356,14
1357,96
1358,11
1359,11
1360,15
1361,8
1362,727
1363,57
1364,163
1365,224
1366,25
1367,42
1368,34
1369,37
1370,22
1371,280
1372,27
1373,253
1374,29
1375,26
1376,32
1377,17
1378,40
1379,106
1380,27
1381,18
1382,815
1383,243
1384,507
1385,63
1386,100
1387,10
1388,23
1389,41
1390,20
1391,159
1392,17
1393,54
1394,67
1395,6
1396,64
1397,11
1398,20
1399,378
1400,80
1401,290
1402,37
1403,9
1404,463
1405,46
1406,324
1407,13
1408,24
1409,79
1410,95
1411,29
1412,7
1413,35
1414,46
1415,414
1416,275
1417,7
1418,39
1419,19
1420,24
1421,42
1422,414
1423,33
1424,38
1425,299
1426,24
1427,11
1428,120
1429,39
1430,49
1431,26
1432,408
1433,221
1434,27
1435,222
1436,76
1437,24
1438,370
1439,225
1440,10
1441,11
1442,6
1443,82
1444,18
1445,151
1446,79
1447,50
1448,17
1449,117
1450,61
1451,11
1452,7
1453,8
1454,25
1455,437
1456,189
1457,116
1458,67
1459,60
1460,835
1461,558
1462,6
1463,42
1464,47
1465,178
1466,217
1467,41
1468,17
1469,6
1470,35
1471,63
1472,50
1473,128
1474,51
1475,38
1476,34
1477,278
1478,120
1479,145
1480,10
1481,271
1482,7
1483,83
1484,25
1485,8
1486,76
1487,21
1488,31
1489,23
1490,156
1491,16
1492,51
1493,50
1494,10
1495,15
1496,96
1497,75
1498,118
1499,11
1500,99
1501,333
1502,130
1503,7
1504,30
1505,10
1506,38
1507,6
1508,13
1509,16
1510,429
1511,21
1512,164
1513,37
1514,155
1515,44
1516,47
1517,8
1518,30
1519,9
1520,25
1521,26
1522,10
1523,18
1524,11
1525,9
1526,17
1527,66
1528,6
1529,6
1530,11
1531,23
1532,59
1533,34
1534,17
1535,26
1536,146
1537,16
1538,17
1539,102
1540,10
1541,45
1542,37
1543,26
1544,10
1545,37
1546,19
1547,11
1548,7
1549,9
1550,7
1551,35
1552,11
1553,23
1554,15
1555,56
1556,40
1557,8
1558,10
1559,235
1560,6
1561,8
1562,198
1563,23
1564,45
1565,11
1566,14
1567,10
1568,6
1569,1
1570,544
1571,12
1572,113
1573,63
1574,216
1575,117
1576,1454
1577,85
1578,761
1579,15
1580,592
1581,1432
1582,267
1583,308
1584,193
1585,97
1586,57
1587,95
1588,401
1589,13
1590,50
1591,20
1592,26
1593,1971
1594,1371
1595,73
1596,61
1597,163
1598,139
1599,151
1600,12
1601,1925
1602,202
1603,146
1604,928
1605,14
1606,541
1607,124
1608,29
1609,412
1610,54
1611,91
1612,268
1613,10
1614,622
1615,110
1616,192
1617,331
1618,10
1619,839
1620,122
1621,59
1622,74
1623,212
1624,116
1625,60
1626,185
1627,62
1628,15
1629,323
1630,23
1631,59
1632,268
1633,20
1634,309
1635,95
1636,37
1637,90
1638,30
1639,50
1640,56
1641,59
1642,15
1643,933
1644,147
1645,204
1646,43
1647,231
1648,230
1649,108
1650,16
1651,10
1652,34
1653,12
1654,20
1655,13
1656,15
1657,821
1658,360
1659,98
1660,27
1661,65
1662,299
1663,47
1664,32
1665,10
1666,71
1667,6
1668,12
1669,9
1670,13
1671,12
1672,932
1673,64
1674,318
1675,63
1676,381
1677,33
1678,256
1679,23
1680,15
1681,65
1682,9
1683,122
1684,10
1685,6
1686,46
1687,6
1688,93
1689,61
1690,14
1691,7
1692,57
1693,9
1694,7
1695,21
1696,12
1697,33
1698,18
1699,35
1700,15
1701,11
1702,73
1703,8
1704,8
1705,7
1706,23
1707,8
1708,49
1709,20
1710,15
1711,6
1712,26
1713,115
1714,50
1715,38
1716,64
1717,26
1718,35
1719,32
1720,22
1721,26
1722,50
1723,131
1724,31
1725,8
1726,9
1727,48
1728,23
1729,46
1730,44
1731,22
1732,20
1733,47
1734,6
1735,15
1736,7
1737,11
1738,9
1739,26
1740,6
1741,11
1742,9
1743,14
1744,27
1745,7
1746,7
1747,6
1748,94
1749,15
1750,57
1751,107
1752,8
1753,8
1754,11
1755,23
1756,57
1757,73
1758,9
1759,50
1760,80
1761,24
1762,50
1763,11
1764,22
1765,68
1766,11
1767,13
1768,26
1769,16
1770,63
1771,14
1772,14
1773,8
1774,19
1775,70
1776,16
1777,10
1778,6
1779,9
1780,12
1781,99
1782,38
1783,32
1784,23
1785,232
1786,9
1787,77
1788,16
1789,24
1790,50
1791,30
1792,413
1793,31
1794,54
1795,201
1796,34
1797,81
1798,25
1799,126
1800,27
1801,6
1802,38
1803,55
1804,78
1805,12
1806,7
1807,9
1808,30
1809,11
1810,53
1811,6
1812,18
1813,7
1814,7
1815,143
1816,23
1817,8
1818,9
1819,33
1820,16
1821,18
1822,10
1823,19
1824,54
1825,12
1826,13
1827,20
1828,7
1829,284
1830,38
1831,12
1832,61
1833,33
1834,21
1835,32
1836,13
1837,37
1838,27
1839,9
1840,16
1841,16
1842,6
1843,77
1844,16
1845,15
1846,9
1847,10
1848,12
1849,16
1850,43
1851,22
1852,16
1853,90
1854,16
1855,23
1856,8
1857,14
1858,9
1859,10
1860,21
1861,6
1862,23
1863,14
1864,6
1865,39
1866,31
1867,46
1868,10
1869,7
1870,9
1871,123
1872,8
1873,35
1874,20
1875,18
1876,19
1877,22
1878,91
1879,21
1880,9
1881,27
1882,6
1883,24
1884,35
1885,6
1886,180
1887,34
1888,35
1889,22
1890,24
1891,50
1892,6
1893,7
1894,20
1895,7
1896,6
1897,36
1898,7
1899,8
1900,10
1901,7
1902,9
1903,44
1904,15
1905,12
1906,16
1907,72
1908,11
1909,15
1910,34
1911,11
1912,14
1913,69
1914,7
1915,6
1916,6
1917,25
1918,11
1919,38
1920,90
1921,6
1922,8
1923,19
1924,11
1925,18
1926,8
1927,43
1928,29
1929,11
1930,80
1931,16
1932,10
1933,45
1934,170
1935,28
1936,39
1937,7
1938,66
1939,24
1940,124
1941,24
1942,72
1943,24
1944,42
1945,21
1946,10
1947,9
1948,7
1949,19
1950,8
1951,122
1952,3798
1953,128
1954,773
1955,304
1956,111
1957,1844
1958,624
1959,10
1960,1106
1961,44
1962,338
1963,697
1964,33
1965,16
1966,53
1967,46
1968,127
1969,63
1970,7
1971,11
1972,11
1973,7
1974,24
1975,8
1976,476
1977,284
1978,93
1979,75
1980,21
1981,609
1982,380
1983,64
1984,11
1985,16
1986,12
1987,191
1988,24
1989,320
1990,21
1991,12
1992,97
1993,47
1994,6
1995,108
1996,18
1997,6
1998,229
1999,20
2000,6
2001,30
2002,744
2003,181
2004,16
2005,9
2006,509
2007,28
2008,36
2009,11
2010,24
2011,45
2012,37
2013,28
2014,187
2015,76
2016,15
2017,14
2018,18
2019,20
2020,35
2021,32
2022,6
2023,974
2024,30
2025,41
2026,32
2027,368
2028,200
2029,51
2030,9
2031,6
2032,223
2033,43
2034,42
2035,8
2036,8
2037,10
2038,12
2039,74
2040,20
2041,14
2042,16
2043,23
2044,74
2045,14
2046,50
2047,82
2048,20
2049,43
2050,47
2051,27
2052,313
2053,18
2054,28
2055,125
2056,57
2057,30
2058,20
2059,6
2060,64
2061,36
2062,11
2063,14
2064,166
2065,44
2066,16
2067,25
2068,17
2069,19
2070,37
2071,8
2072,162
2073,26
2074,18
2075,27
2076,33
2077,26
2078,6
2079,14
2080,32
2081,20
2082,223
2083,130
2084,9
2085,56
2086,9
2087,37
2088,31
2089,142
2090,23
2091,19
2092,30
2093,26
2094,37
2095,134
2096,22
2097,8
2098,18
2099,32
2100,14
2101,25
2102,6
2103,51
2104,15
2105,9
2106,8
2107,18
2108,16
2109,9
2110,6
2111,2296
2112,1954
2113,72
2114,59
2115,201
2116,357
2117,266
2118,84
2119,85
2120,6
2121,11
2122,11
2123,15
2124,42
2125,197
2126,14
2127,42
2128,70
2129,54
2130,7
2131,14
2132,134
2133,42
2134,43
2135,34
2136,11
2137,2569
2138,978
2139,229
2140,588
2141,553
2142,285
2143,15
2144,245
2145,142
2146,68
2147,13
2148,12
2149,84
2150,6
2151,20
2152,13
2153,28
2154,12
2155,110
2156,9
2157,28
2158,18
2159,32
2160,16
2161,10
2162,6
2163,62
2164,24
2165,17
2166,12
2167,106
2168,13
2169,10
2170,64
2171,10
2172,283
2173,17
2174,33
2175,33
2176,68
2177,109
2178,16
2179,60
2180,9
2181,18
2182,16
2183,14
2184,52
2185,251
2186,30
2187,23
2188,31
2189,79
2190,19
2191,11
2192,43
2193,24
2194,35
2195,29
2196,118
2197,35
2198,47
2199,19
2200,13
2201,73
2202,12
2203,16
2204,18
2205,26
2206,42
2207,13
2208,16
2209,66
2210,52
2211,6
2212,29
2213,14
2214,100
2215,60
2216,15
2217,71
2218,24
2219,37
2220,7
2221,17
2222,193
2223,7
2224,24
2225,36
2226,16
2227,15
2228,15
2229,38
2230,24
2231,15
2232,46
2233,19
2234,23
2235,331
2236,39
2237,56
2238,43
2239,56
2240,21
2241,72
2242,20
2243,15
2244,12
2245,251
2246,49
2247,94
2248,57
2249,12
2250,25
2251,15
2252,179
2253,32
2254,19
2255,23
2256,38
2257,29
2258,6
2259,19
2260,124
2261,12
2262,42
2263,33
2264,12
2265,16
2266,90
2267,53
2268,24
2269,8
2270,151
2271,50
2272,18
2273,52
2274,14
2275,320
2276,63
2277,72
2278,76
2279,50
2280,28
2281,21
2282,11
2283,17
2284,8
2285,957
2286,65
2287,7
2288,40
2289,13
2290,71
2291,675
2292,21
2293,32
2294,17
2295,16
2296,98
2297,12
2298,12
2299,54
2300,15
2301,152
2302,49
2303,25
2304,49
2305,77
2306,38
2307,84
2308,11
2309,23
2310,7
2311,8
2312,15
2313,8
2314,7
2315,52
2316,43
2317,52
2318,35
2319,6
2320,88
2321,40
2322,12
2323,9
2324,12
2325,56
2326,24
2327,6
2328,22
2329,24
2330,12
2331,204
2332,23
2333,47
2334,21
2335,56
2336,62
2337,138
2338,20
2339,19
2340,65
2341,24
2342,34
2343,31
2344,56
2345,16
2346,16
2347,13
2348,116
2349,15
2350,9
2351,45
2352,25
2353,21
2354,2351
2355,111
2356,24
2357,22
2358,119
2359,70
2360,1927
2361,7
2362,19
2363,37
2364,14
2365,86
2366,76
2367,10
2368,233
2369,34
2370,72
2371,78
2372,12
2373,21
2374,11
2375,7
2376,64
2377,10
2378,15
2379,31
2380,247
2381,30
2382,68
2383,25
2384,33
2385,39
2386,24
2387,11
2388,11
2389,20
2390,17
2391,10
2392,48
2393,369
2394,23
2395,28
2396,203
2397,44
2398,21
2399,29
2400,14
2401,6
2402,317
2403,28
2404,57
2405,63
2406,69
2407,65
2408,34
2409,178
2410,25
2411,21
2412,7
2413,20
2414,14
2415,9
2416,27
2417,47
2418,7
2419,68
2420,6
2421,8
2422,42
2423,7
2424,148
2425,11
2426,10
2427,17
2428,17
2429,8
2430,51
2431,31
2432,406
2433,37
2434,54
2435,18
2436,37
2437,143
2438,77
2439,34
2440,44
2441,6
2442,7
2443,30
2444,51
2445,36
2446,6
2447,25
2448,7
2449,15
2450,16
2451,6
2452,88
2453,10
2454,7
2455,11
2456,11
2457,8
2458,92
2459,27
2460,23
2461,10
2462,21
2463,22
2464,6
2465,9
2466,120
2467,15
2468,8
2469,45
2470,6
2471,6
2472,39
2473,113
2474,7
2475,10
2476,12
2477,24
2478,40
2479,19
2480,14
2481,8
2482,80
2483,52
2484,18
2485,11
2486,49
2487,10
2488,7
2489,18
2490,11
2491,50
2492,16
2493,82
2494,30
2495,12
2496,24
2497,11
2498,55
2499,9
2500,10
2501,20
2502,6
2503,9
2504,6
2505,44
2506,124
2507,31
2508,10
2509,8
2510,23
2511,21
2512,26
2513,8
2514,121
2515,30
2516,11
2517,7
2518,38
2519,30
2520,2682
2521,11
2522,2564
2523,71
2524,59
2525,42
2526,18
2527,6
2528,8
2529,72
2530,8
2531,22
2532,32
2533,19
2534,9
2535,9
2536,29
2537,6
2538,8
2539,7
2540,7
2541,14
2542,89
2543,18
2544,27
2545,20
2546,21
2547,50
2548,45
2549,41
2550,17
2551,77
2552,7
2553,40
2554,12
2555,10
2556,45
2557,42
2558,29
2559,58
2560,8
2561,9
2562,34
2563,72
2564,17
2565,7
2566,10
2567,25
2568,8
2569,136
2570,43
2571,36
2572,47
2573,6
2574,29
2575,63
2576,31
2577,31
2578,36
2579,8
2580,19
2581,50
2582,16
2583,24
2584,413
2585,12
2586,142
2587,239
2588,82
2589,49
2590,10
2591,11
2592,12
2593,75
2594,8
2595,39
2596,29
2597,18
2598,53
2599,16
2600,11
2601,22
2602,254
2603,73
2604,11
2605,16
2606,25
2607,104
2608,42
2609,37
2610,13
2611,24
2612,163
2613,46
2614,9
2615,26
2616,28
2617,26
2618,6
2619,15
2620,26
2621,15
2622,52
2623,9
2624,6
2625,18
2626,20
2627,11
2628,34
2629,23
2630,10
2631,28
2632,12
2633,7
2634,46
2635,14
2636,10
2637,14
2638,17
2639,26
2640,6
2641,9
2642,15
2643,55
2644,6
2645,12
2646,7
2647,25
2648,66
2649,16
2650,20
2651,8
2652,9
2653,40
2654,15
2655,13
2656,7
2657,1273
2658,743
2659,26
2660,25
2661,23
2662,18
2663,27
2664,14
2665,384
2666,12
2667,55
2668,6
2669,35
2670,10
2671,63
2672,8
2673,14
2674,20
2675,270
2676,6
2677,21
2678,43
2679,178
2680,12
2681,32
2682,9
2683,130
2684,8
2685,25
2686,90
2687,6
2688,24
2689,257
2690,22
2691,9
2692,8
2693,13
2694,17
2695,155
2696,27
2697,86
2698,33
2699,13
2700,49
2701,134
2702,23
2703,35
2704,10
2705,11
2706,13
2707,30
2708,34
2709,25
2710,6
2711,79
2712,6
2713,26
2714,18
2715,16
2716,48
2717,7
2718,15
2719,11
2720,138
2721,10
2722,8
2723,10
2724,19
2725,20
2726,26
2727,39
2728,31
2729,61
2730,13
2731,10
2732,8
2733,7
2734,17
2735,65
2736,7
2737,18
2738,18
2739,255
2740,14
2741,28
2742,44
2743,8
2744,17
2745,53
2746,23
2747,61
2748,219
2749,188
2750,10
2751,19
2752,37
2753,17
2754,11
2755,120
2756,18
2757,18
2758,14
2759,6
2760,15
2761,135
2762,9
2763,78
2764,12
2765,60
2766,58
2767,67
2768,68
2769,52
2770,14
2771,18
2772,9
2773,124
2774,27
2775,27
2776,22
2777,47
2778,56
2779,10
2780,6
2781,7
2782,8
2783,12
2784,165
2785,33
2786,17
2787,8
2788,15
2789,32
2790,39
2791,7
2792,107
2793,36
2794,18
2795,42
2796,11
2797,60
2798,19
2799,10
2800,10
2801,21
2802,122
2803,37
2804,30
2805,20
2806,10
2807,9
2808,8
2809,11
2810,50
2811,14
2812,10
2813,9
2814,76
2815,9
2816,17
2817,20
2818,26
2819,28
2820,70
2821,61
2822,9
2823,71
2824,16
2825,13
2826,11
2827,25
2828,48
2829,11
2830,14
2831,18
2832,88
2833,20
2834,51
2835,6
2836,40
2837,164
2838,70
2839,19
2840,71
2841,44
2842,30
2843,57
2844,8
2845,12
2846,11
2847,18
2848,7
2849,26
2850,15
2851,6
2852,52
2853,64
2854,75
2855,13
2856,12
2857,18
2858,15
2859,12
2860,37
2861,11
2862,6
2863,19
2864,16
2865,9
2866,68
2867,22
2868,36
2869,9
2870,40
2871,21
2872,18
2873,24
2874,9
2875,7
2876,7
2877,27
2878,7
2879,16
2880,79
2881,9
2882,53
2883,16
2884,38
2885,15
2886,11
2887,42
2888,10
2889,132
2890,22
2891,8
2892,6
2893,9
2894,38
2895,7
2896,14
2897,15
2898,9
2899,59
2900,20
2901,17
2902,11
2903,8
2904,43
2905,21
2906,10
2907,72
2908,11
2909,39
2910,9
2911,10
2912,64
2913,11
2914,15
2915,20
2916,47
2917,18
2918,15
2919,11
2920,155
2921,33
2922,20
2923,38
2924,29
2925,31
2926,22
2927,6
2928,7
2929,83
2930,8
2931,12
2932,9
2933,48
2934,93
2935,42
2936,15
2937,7
2938,20
2939,14
2940,35
2941,20
2942,14
2943,152
2944,33
2945,10
2946,14
2947,13
2948,16
2949,57
2950,108
2951,9
2952,48
2953,40
2954,32
2955,18
2956,7
2957,6
2958,39
2959,27
2960,9
2961,9
2962,103
2963,12
2964,37
2965,52
2966,105
2967,17
2968,61
2969,17
2970,7
2971,32
2972,25
2973,91
2974,17
2975,74
2976,48
2977,19
2978,12
2979,8
2980,12
2981,33
2982,24
2983,205
2984,12
2985,15
2986,41
2987,17
2988,22
2989,8
2990,26
2991,21
2992,20
2993,20
2994,47
2995,14
2996,18
2997,61
2998,28
2999,26
3000,7
3001,40
3002,11
3003,9
3004,6
3005,8
3006,7
3007,35
3008,16
3009,47
3010,326
3011,116
3012,138
3013,62
3014,9
3015,15
3016,114
3017,28
3018,87
3019,10
3020,8
3021,8
3022,21
3023,12
3024,34
3025,7
3026,16
3027,42
3028,13
3029,10
3030,30
3031,25
3032,195
3033,44
3034,7
3035,7
3036,60
3037,25
3038,16
3039,6
3040,6
3041,146
3042,10
3043,131
3044,580
3045,38
3046,13
3047,65
3048,22
3049,21
3050,371
3051,14
3052,28
3053,6
3054,66
3055,19
3056,9
3057,25
3058,95
3059,16
3060,13
3061,11
3062,24
3063,9
3064,9
3065,134
3066,13
3067,18
3068,20
3069,6
3070,11
3071,28
3072,13
3073,11
3074,8
3075,6
3076,97
3077,15
3078,20
3079,18
3080,25
3081,25
3082,117
3083,37
3084,48
3085,9
3086,17
3087,99
3088,12
3089,17
3090,11
3091,25
3092,6
3093,16
3094,6
3095,34
3096,16
3097,6
3098,86
3099,18
3100,12
3101,6
3102,46
3103,71
3104,6
3105,25
3106,9
3107,23
3108,203
3109,6
3110,49
3111,28
3112,30
3113,15
3114,58
3115,93
3116,11
3117,55
3118,26
3119,150
3120,61
3121,35
3122,8
3123,18
3124,20
3125,194
3126,28
3127,21
3128,11
3129,19
3130,21
3131,46
3132,17
3133,18
3134,14
3135,26
3136,46
3137,9
3138,38
3139,155
3140,42
3141,10
3142,12
3143,21
3144,6
3145,17
3146,23
3147,12
3148,6
3149,94
3150,43
3151,51
3152,74
3153,193
3154,13
3155,16
3156,10
3157,57
3158,67
3159,21
3160,6
3161,18
3162,194
3163,12
3164,14
3165,6
3166,18
3167,7
3168,117
3169,10
3170,19
3171,7
3172,7
3173,6
3174,31
3175,26
3176,12
3177,20
3178,8
3179,14
3180,6
3181,10
3182,42
3183,22
3184,7
3185,39
3186,9
3187,9
3188,77
3189,14
3190,50
3191,6
3192,6
3193,33
3194,17
3195,153
3196,16
3197,43
3198,71
3199,81
3200,29
3201,12
3202,13
3203,151
3204,28
3205,21
3206,29
3207,6
3208,13
3209,6
3210,45
3211,31
3212,9
3213,6
3214,31
3215,6
3216,26
3217,158
3218,17
3219,13
3220,38
3221,15
3222,55
3223,15
3224,22
3225,8
3226,20
3227,8
3228,149
3229,11
3230,26
3231,22
3232,70
3233,134
3234,13
3235,16
3236,12
3237,14
3238,16
3239,37
3240,20
3241,81
3242,35
3243,35
3244,10
3245,44
3246,24
3247,7
3248,10
3249,17
3250,96
3251,32
3252,18
3253,36
3254,32
3255,6
3256,78
3257,44
3258,21
3259,45
3260,36
3261,138
3262,9
3263,36
3264,17
3265,83
3266,52
3267,19
3268,16
3269,275
3270,10
3271,47
3272,10
3273,11
3274,17
3275,8
3276,12
3277,128
3278,29
3279,44
3280,34
3281,9
3282,72
3283,7
3284,7
3285,18
3286,6
3287,22
3288,8
3289,45
3290,12
3291,30
3292,96
3293,17
3294,9
3295,12
3296,29
3297,18
3298,162
3299,72
3300,31
3301,10
3302,18
3303,19
3304,54
3305,100
3306,38
3307,50
3308,12
3309,8
3310,211
3311,47
3312,24
3313,22
3314,51
3315,22
3316,38
3317,7
3318,114
3319,29
3320,9
3321,27
3322,6
3323,29
3324,7
3325,54
3326,13
3327,32
3328,99
3329,48
3330,47
3331,37
3332,19
3333,17
3334,81
3335,8
3336,14
3337,22
3338,7
3339,23
3340,94
3341,47
3342,16
3343,11
3344,7
3345,8
3346,70
3347,6
3348,6
3349,9
3350,44
3351,19
3352,10
3353,9
3354,67
3355,13
3356,14
3357,18
3358,21
3359,52
3360,6
3361,8
3362,7
3363,18
3364,10
3365,11
3366,73
3367,10
3368,28
3369,11
3370,17
3371,8
3372,51
3373,20
3374,22
3375,6
3376,48
3377,44
3378,38
3379,141
3380,71
3381,28
3382,40
3383,28
3384,71
3385,17
3386,9
3387,9
3388,18
3389,71
3390,10
3391,13
3392,10
3393,22
3394,55
3395,8
3396,31
3397,6
3398,31
3399,8
3400,6
3401,6
3402,7
3403,28
3404,19
3405,7
3406,17
3407,67
3408,6
3409,7
3410,14
3411,7
3412,9
3413,19
3414,132
3415,6
3416,52
3417,14
3418,13
3419,10
3420,34
3421,36
3422,6
3423,18
3424,8
3425,128
3426,14
3427,17
3428,14
3429,16
3430,88
3431,39
3432,36
3433,11
3434,10
3435,8
3436,144
3437,16
3438,54
3439,35
3440,7
3441,19
3442,57
3443,13
3444,25
3445,9
3446,28
3447,10
3448,7
3449,11
3450,69
3451,7
3452,31
3453,11
3454,87
3455,31
3456,11
3457,36
3458,22
3459,8
3460,8
3461,33
3462,8
3463,22
3464,101
3465,41
3466,10
3467,29
3468,10
3469,7
3470,32
3471,10
3472,16
3473,9
3474,80
3475,9
3476,8
3477,14
3478,27
3479,21
3480,56
3481,30
3482,13
3483,59
3484,7
3485,6
3486,43
3487,55
3488,7
3489,23
3490,18
3491,18
3492,48
3493,8
3494,22
3495,12
3496,20
3497,30
3498,23
3499,61
3500,11
3501,13
3502,16
3503,16
3504,42
3505,12
3506,12
3507,8
3508,119
3509,24
3510,7
3511,20
3512,13
3513,26
3514,10
3515,16
3516,43
3517,6
3518,22
3519,6
3520,240
3521,46
3522,106
3523,18
3524,51
3525,7
3526,42
3527,16
3528,6
3529,84
3530,19
3531,6
3532,17
3533,28
3534,7
3535,8
3536,37
3537,14
3538,15
3539,12
3540,45
3541,128
3542,9
3543,8
3544,8
3545,11
3546,11
3547,25
3548,28
3549,29
3550,25
3551,7
3552,16
3553,44
3554,9
3555,16
3556,62
3557,28
3558,35
3559,88
3560,49
3561,14
3562,8
3563,39
3564,10
3565,22
3566,9
3567,270
3568,28
3569,27
3570,12
3571,34
3572,50
3573,47
3574,60
3575,6
3576,138
3577,87
3578,50
3579,46
3580,35
3581,62
3582,30
3583,12
3584,73
3585,54
3586,60
3587,53
3588,17
3589,6
3590,86
3591,20
3592,6
3593,51
3594,60
3595,17
3596,15
3597,18
3598,18
3599,6
3600,181
3601,24
3602,29
3603,34
3604,58
3605,29
3606,17
3607,13
3608,45
3609,17
3610,18
3611,140
3612,61
3613,66
3614,6
3615,92
3616,14
3617,36
3618,11
3619,15
3620,10
3621,24
3622,12
3623,111
3624,14
3625,45
3626,35
3627,30
3628,8
3629,43
3630,10
3631,11
3632,8
3633,22
3634,6
3635,15
3636,54
3637,13
3638,29
3639,37
3640,14
3641,10
3642,120
3643,6
3644,9
3645,8
3646,8
3647,9
3648,10
3649,48
3650,14
3651,32
3652,16
3653,52
3654,11
3655,11
3656,8
3657,6
3658,94
3659,8
3660,6
3661,8
3662,19
3663,9
3664,15
3665,13
3666,6
3667,141
3668,89
3669,9
3670,8
3671,11
3672,7
3673,243
3674,69
3675,109
3676,31
3677,31
3678,301
3679,38
3680,21
3681,25
3682,98
3683,46
3684,39
3685,17
3686,59
3687,14
3688,26
3689,11
3690,25
3691,52
3692,24
3693,10
3694,11
3695,16
3696,164
3697,54
3698,69
3699,42
3700,111
3701,44
3702,265
3703,32
3704,25
3705,50
3706,15
3707,11
3708,14
3709,35
3710,13
3711,60
3712,9
3713,27
3714,8
3715,18
3716,23
3717,6
3718,56
3719,47
3720,62
3721,8
3722,8
3723,22
3724,9
3725,37
3726,56
3727,6
3728,13
3729,7
3730,7
3731,84
3732,6
3733,66
3734,102
3735,17
3736,33
3737,13
3738,17
3739,6
3740,8
3741,89
3742,55
3743,10
3744,12
3745,35
3746,7
3747,10
3748,11
3749,74
3750,15
3751,30
3752,10
3753,6
3754,81
3755,14
3756,21
3757,27
3758,10
3759,66
3760,32
3761,9
3762,6
3763,96
3764,44
3765,7
3766,26
3767,15
3768,61
3769,18
3770,26
3771,73
3772,9
3773,31
3774,15
3775,16
3776,6
3777,53
3778,6
3779,28
3780,6
3781,17
3782,35
3783,12
3784,19
3785,15
3786,71
3787,36
3788,6
3789,7
3790,36
3791,15
3792,131
3793,6
3794,7
3795,35
3796,20
3797,41
3798,8
3799,15
3800,8
3801,85
3802,23
3803,16
3804,6
3805,20
3806,6
3807,9
3808,76
3809,13
3810,31
3811,14
3812,81
3813,31
3814,11
3815,6
3816,21
3817,140
3818,7
3819,10
3820,35
3821,11
3822,11
3823,41
3824,14
3825,6
3826,40
3827,13
3828,7
3829,6
3830,100
3831,15
3832,16
3833,13
3834,46
3835,10
3836,32
3837,18
3838,24
3839,130
3840,20
3841,40
3842,8
3843,18
3844,33
3845,101
3846,46
3847,9
3848,24
3849,9
3850,108
3851,29
3852,35
3853,36
3854,35
3855,69
3856,27
3857,74
3858,47
3859,48
3860,48
3861,296
3862,40
3863,6
3864,20
3865,79
3866,43
3867,79
3868,23
3869,99
3870,24
3871,13
3872,43
3873,109
3874,13
3875,73
3876,64
3877,61
3878,15
3879,150
3880,15
3881,7
3882,23
3883,17
3884,10
3885,16
3886,7
3887,7
3888,6
3889,172
3890,78
3891,90
3892,99
3893,35
3894,28
3895,14
3896,17
3897,56
3898,9
3899,8
3900,15
3901,11
3902,32
3903,6
3904,46
3905,22
3906,122
3907,47
3908,55
3909,71
3910,300
3911,81
3912,39
3913,73
3914,142
3915,29
3916,6
3917,8
3918,7
3919,7
3920,39
3921,15
3922,83
3923,23
3924,20
3925,25
3926,17
3927,39
3928,174
3929,15
3930,13
3931,14
3932,47
3933,33
3934,22
3935,6
3936,15
3937,16
3938,81
3939,24
3940,9
3941,37
3942,10
3943,68
3944,9
3945,7
3946,27
3947,6
3948,69
3949,23
3950,19
3951,6
3952,129
3953,9
3954,75
3955,55
3956,61
3957,19
3958,24
3959,13
3960,64
3961,24
3962,12
3963,9
3964,6
3965,9
3966,156
3967,17
3968,23
3969,104
3970,6
3971,18
3972,7
3973,173
3974,16
3975,17
3976,100
3977,39
3978,42
3979,23
3980,15
3981,97
3982,8
3983,17
3984,10
3985,20
3986,8
3987,16
3988,20
3989,56
3990,22
3991,20
3992,7
3993,144
3994,20
3995,11
3996,13
3997,21
3998,58
3999,18
4000,14
4001,9
4002,71
4003,15
4004,37
4005,14
4006,25
4007,6
4008,14
4009,100
4010,9
4011,8
4012,6
4013,30
4014,25
4015,13
4016,8
4017,33
4018,9
4019,22
4020,42
4021,6
4022,8
4023,19
4024,84
4025,19
4026,12
4027,28
4028,20
4029,18
4030,36
4031,40
4032,11
4033,150
4034,45
4035,162
4036,18
4037,21
4038,19
4039,10
4040,33
4041,51
4042,62
4043,19
4044,19
4045,7
4046,10
4047,6
4048,179
4049,12
4050,33
4051,98
4052,24
4053,71
4054,13
4055,23
4056,31
4057,130
4058,23
4059,44
4060,17
4061,28
4062,11
4063,25
4064,49
4065,8
4066,76
4067,15
4068,11
4069,24
4070,13
4071,164
4072,30
4073,35
4074,91
4075,43
4076,37
4077,35
4078,90
4079,14
4080,9
4081,17
4082,36
4083,65
4084,24
4085,8
4086,17
4087,7
4088,6
4089,32
4090,21
4091,6
4092,93
4093,18
4094,31
4095,10
4096,19
4097,6
4098,54
4099,17
4100,35
4101,117
4102,43
4103,16
4104,10
4105,9
4106,12
4107,6
4108,14
4109,6
4110,92
4111,10
4112,16
4113,8
4114,6
4115,8
4116,18
4117,17
4118,58
4119,9
4120,9
4121,13
4122,9
4123,9
4124,137
4125,15
4126,15
4127,17
4128,7
4129,15
4130,11
4131,44
4132,7
4133,70
4134,29
4135,11
4136,15
4137,6
4138,126
4139,9
4140,7
4141,8
4142,23
4143,7
4144,7
4145,39
4146,18
4147,11
4148,68
4149,12
4150,102
4151,30
4152,9
4153,10
4154,12
4155,13
4156,25
4157,115
4158,13
4159,10
4160,12
4161,7
4162,57
4163,109
4164,19
4165,24
4166,8
4167,12
4168,30
4169,43
4170,26
4171,68
4172,9
4173,10
4174,6
4175,6
4176,13
4177,8
4178,15
4179,20
4180,9
4181,99
4182,8
4183,17
4184,9
4185,42
4186,8
4187,76
4188,6
4189,18
4190,31
4191,8
4192,9
4193,37
4194,150
4195,49
4196,13
4197,25
4198,24
4199,29
4200,15
4201,54
4202,8
4203,6
4204,7
4205,14
4206,52
4207,9
4208,9
4209,28
4210,67
4211,32
4212,25
4213,21
4214,34
4215,17
4216,10
4217,6
4218,7
4219,9
4220,9
4221,68
4222,11
4223,13
4224,11
4225,13
4226,104
4227,36
4228,11
4229,7
4230,6
4231,13
4232,13
4233,7
4234,26
4235,6
4236,7
4237,6
4238,10
4239,19
4240,8
4241,6
4242,6
4243,70
4244,8
4245,50
4246,37
4247,6
4248,24
4249,6
4250,29
4251,21
4252,21
4253,8
4254,44
4255,6
4256,8
4257,8
4258,46
4259,8
4260,20
4261,40
4262,26
4263,8
4264,103
4265,22
4266,16
4267,38
4268,17
4269,35
4270,7
4271,26
4272,6
4273,9
4274,11
4275,83
4276,9
4277,17
4278,11
4279,10
4280,8
4281,13
4282,87
4283,21
4284,7
4285,6
4286,11
4287,9
4288,7
4289,13
4290,6
4291,159
4292,10
4293,7
4294,14
4295,9
4296,29
4297,30
4298,13
4299,14
4300,30
4301,76
4302,11
4303,12
4304,6
4305,7
4306,8
4307,14
4308,6
4309,105
4310,12
4311,10
4312,13
4313,14
4314,34
4315,7
4316,9
4317,41
4318,15
4319,13
4320,7
4321,14
4322,6
4323,120
4324,39
4325,29
4326,24
4327,14
4328,51
4329,18
4330,32
4331,31
4332,22
4333,28
4334,11
4335,11
4336,14
4337,7
4338,9
4339,9
4340,12
4341,95
4342,15
4343,11
4344,16
4345,6
4346,36
4347,8
4348,23
4349,6
4350,9
4351,60
4352,11
4353,6
4354,11
4355,11
4356,10
4357,123
4358,21
4359,6
4360,6
4361,75
4362,53
4363,8
4364,6
4365,12
4366,8
4367,8
4368,32
4369,14
4370,10
4371,7
4372,22
4373,56
4374,8
4375,10
4376,10
4377,8
4378,73
4379,23
4380,16
4381,13
4382,12
4383,8
4384,120
4385,11
4386,12
4387,7
4388,36
4389,14
4390,11
4391,7
4392,12
4393,71
4394,24
4395,7
4396,23
4397,15
4398,28
4399,17
4400,10
4401,42
4402,7
4403,50
4404,8
4405,6
4406,6
4407,7
4408,14
4409,7
4410,19
4411,6
4412,17
4413,33
4414,6
4415,10
4416,12
4417,33
4418,79
4419,9
4420,31
4421,21
4422,8
4423,6
4424,43
4425,6
4426,18
4427,7
4428,48
4429,8
4430,6
4431,17
4432,10
4433,6
4434,36
4435,7
4436,6
4437,83
4438,7
4439,15
4440,7
4441,15
4442,10
4443,21
4444,44
4445,14
4446,15
4447,14
4448,47
4449,11
4450,6
4451,7
4452,11
4453,6
4454,9
4455,34
4456,6
4457,146
4458,11
4459,66
4460,42
4461,16
4462,110
4463,14
4464,19
4465,16
4466,10
4467,18
4468,15
4469,66
4470,7
4471,15
4472,11
4473,12
4474,92
4475,6
4476,27
4477,11
4478,9
4479,16
4480,7
4481,222
4482,8
4483,83
4484,9
4485,36
4486,70
4487,35
4488,6
4489,6
4490,26
4491,8
4492,10
4493,23
4494,9
4495,16
4496,37
4497,9
4498,6
4499,47
4500,6
4501,13
4502,12
4503,18
4504,28
4505,59
4506,7
4507,35
4508,7
4509,51
4510,6
4511,10
4512,8
4513,6
4514,12
4515,24
4516,6
4517,12
4518,51
4519,37
4520,9
4521,28
4522,6
4523,52
4524,31
4525,9
4526,6
4527,19
4528,11
4529,30
4530,7
4531,17
4532,66
4533,20
4534,7
4535,8
4536,15
4537,7
4538,58
4539,6
4540,9
4541,29
4542,7
4543,129
4544,20
4545,24
4546,13
4547,65
4548,33
4549,6
4550,78
4551,32
4552,6
4553,21
4554,9
4555,67
4556,9
4557,20
4558,12
4559,11
4560,6
4561,23
4562,14
4563,6
4564,31
4565,6
4566,6
4567,17
4568,40
4569,6
4570,7
4571,10
4572,84
4573,14
4574,11
4575,21
4576,38
4577,55
4578,29
4579,25
4580,43
4581,23
4582,17
4583,20
4584,51
4585,6
4586,22
4587,13
4588,17
4589,74
4590,14
4591,16
4592,7
4593,6
4594,13
4595,6
4596,88
4597,8
4598,7
4599,62
4600,18
4601,52
4602,12
4603,32
4604,35
4605,9
4606,7
4607,1
4608,27
4609,16
4610,6
4611,200
4612,17
4613,170
4614,12
4615,12
4616,76
4617,27
4618,16
4619,15
4620,6
4621,51
4622,34
4623,23
4624,9
4625,14
4626,6
4627,8
4628,102
4629,27
4630,49
4631,8
4632,47
4633,31
4634,6
4635,9
4636,56
4637,15
4638,12
4639,12
4640,17
4641,28
4642,61
4643,133
4644,49
4645,68
4646,17
4647,14
4648,1355
4649,52
4650,88
4651,940
4652,17
4653,13
4654,238
4655,11
4656,110
4657,22
4658,29
4659,27
4660,25
4661,53
4662,21
4663,26
4664,25
4665,24
4666,53
4667,68
4668,9
4669,9
4670,14
4671,15
4672,12
4673,170
4674,21
4675,138
4676,10
4677,212
4678,7
4679,16
4680,110
4681,24
4682,30
4683,17
4684,200
4685,71
4686,8
4687,124
4688,899
4689,830
4690,14
4691,26
4692,15
4693,8
4694,249
4695,19
4696,20
4697,13
4698,10
4699,68
4700,115
4701,169
4702,7
4703,79
4704,34
4705,7
4706,39
4707,157
4708,17
4709,136
4710,103
4711,6
4712,23
4713,22
4714,12
4715,33
4716,8
4717,59
4718,10
4719,10
4720,6
4721,21
4722,274
4723,42
4724,10
4725,26
4726,16
4727,162
4728,9
4729,360
4730,22
4731,70
4732,7
4733,108
4734,19
4735,72
4736,11
4737,65
4738,561
4739,88
4740,276
4741,100
4742,32
4743,18
4744,11
4745,36
4746,183
4747,39
4748,10
4749,28
4750,47
4751,29
4752,26
4753,164
4754,15
4755,39
4756,22
4757,45
4758,14
4759,26
4760,342
4761,8
4762,6
4763,20
4764,28
4765,14
4766,84
4767,11
4768,122
4769,48
4770,273
4771,29
4772,27
4773,21
4774,18
4775,76
4776,14
4777,15
4778,60
4779,14
4780,207
4781,12
4782,20
4783,37
4784,20
4785,13
4786,8
4787,115
4788,22
4789,159
4790,8
4791,8
4792,6
4793,53
4794,8
4795,59
4796,15
4797,186
4798,15
4799,75
4800,54
4801,26
4802,12
4803,120
4804,35
4805,25
4806,10
4807,7
4808,50
4809,8
4810,117
4811,28
4812,8
4813,6
4814,59
4815,6
4816,127
4817,99
4818,17
4819,208
4820,107
4821,32
4822,8
4823,6
4824,40
4825,705
4826,693
4827,80
4828,24
4829,31
4830,21
4831,36
4832,39
4833,53
4834,11
4835,28
4836,31
4837,33
4838,8
4839,9
4840,9
4841,9
4842,11
4843,10
4844,9
4845,9
4846,181
4847,35
4848,15
4849,43
4850,45
4851,12
4852,16
4853,7
4854,111
4855,30
4856,10
4857,15
4858,13
4859,14
4860,19
4861,112
4862,57
4863,18
4864,22
4865,6
4866,72
4867,35
4868,43
4869,32
4870,30
4871,35
4872,115
4873,15
4874,14
4875,17
4876,43
4877,19
4878,17
4879,327
4880,31
4881,122
4882,6
4883,36
4884,17
4885,84
4886,21
4887,188
4888,11
4889,17
4890,46
4891,20
4892,28
4893,10
4894,50
4895,76
4896,7
4897,10
4898,14
4899,34
4900,119
4901,12
4902,61
4903,55
4904,29
4905,237
4906,7
4907,20
4908,35
4909,17
4910,43
4911,7
4912,10
4913,90
4914,147
4915,13
4916,15
4917,10
4918,25
4919,9
4920,29
4921,33
4922,39
4923,6
4924,6
4925,25
4926,26
4927,8
4928,7
4929,7
4930,186
4931,13
4932,18
4933,41
4934,14
4935,27
4936,61
4937,260
4938,30
4939,152
4940,48
4941,27
4942,118
4943,17
4944,10
4945,9
4946,56
4947,7
4948,20
4949,360
4950,25
4951,28
4952,30
4953,136
4954,126
4955,70
4956,11
4957,16
4958,10
4959,6
4960,8
4961,8
4962,91
4963,6
4964,7
4965,11
4966,59
4967,133
4968,10
4969,9
4970,24
4971,27
4972,45
4973,64
4974,37
4975,166
4976,41
4977,6
4978,9
4979,7
4980,124
4981,6
4982,83
4983,10
4984,48
4985,7
4986,6
4987,214
4988,6
4989,70
4990,15
4991,11
4992,15
4993,11
4994,112
4995,257
4996,101
4997,82
4998,103
4999,22
5000,213
5001,75
5002,62
5003,60
5004,75
5005,22
5006,65
5007,400
5008,27
5009,37
5010,31
5011,115
5012,44
5013,38
5014,82
5015,99
5016,18
5017,262
5018,25
5019,31
5020,31
5021,33
5022,39
5023,47
5024,29
5025,37
5026,69
5027,19
5028,364
5029,42
5030,13
5031,330
5032,829
5033,264
5034,60
5035,115
5036,62
5037,322
5038,607
5039,145
5040,66
5041,192
5042,191
5043,6
5044,303
5045,20
5046,56
5047,52
5048,90
5049,9
5050,12
5051,27
5052,29
5053,1603
5054,6
5055,63
5056,259
5057,191
5058,36
5059,14
5060,28
5061,609
5062,399
5063,1200
5064,256
5065,19
5066,158
5067,34
5068,69
5069,101
5070,42
5071,488
5072,33
5073,645
5074,16
5075,26
5076,17
5077,39
5078,6
5079,423
5080,101
5081,12
5082,649
5083,36
5084,24
5085,242
5086,50
5087,43
5088,227
5089,610
5090,285
5091,35
5092,175
5093,124
5094,22
5095,2291
5096,97
5097,258
5098,90
5099,16
5100,189
5101,229
5102,1402
5103,9
5104,60
5105,9
5106,13
5107,11
5108,447
5109,76
5110,85
5111,74
5112,6
5113,39
5114,89
5115,69
5116,370
5117,95
5118,54
5119,211
5120,10
5121,259
5122,25
5123,46
5124,182
5125,1762
5126,1204
5127,711
5128,345
5129,31
5130,450
5131,5438
5132,283
5133,35
5134,34
5135,62
5136,61
5137,14
5138,34
5139,35
5140,7
5141,41
5142,27
5143,75
5144,28
5145,30
5146,29
5147,29
5148,20
5149,22
5150,21
5151,21
5152,1210
5153,208
5154,127
5155,794
5156,19
5157,18
5158,26
5159,8
5160,2874
5161,38
5162,12
5163,359
5164,75
5165,57
5166,2335
5167,7
5168,9
5169,42
5170,9
5171,28
5172,8
5173,125
5174,40
5175,44
5176,13
5177,22
5178,49
5179,79
5180,58
5181,7
5182,184
5183,27
5184,15
5185,26
5186,27
5187,38
5188,32
5189,32
5190,605
5191,13
5192,17
5193,18
5194,550
5195,6
5196,23
5197,9
5198,16
5199,6
5200,7
5201,25
5202,9
5203,33
5204,18
5205,8
5206,49
5207,7
5208,8
5209,21
5210,19
5211,7
5212,6
5213,45
5214,7
5215,7
5216,6
5217,19
5218,54
5219,6
5220,19
5221,18
5222,16
5223,6
5224,8
5225,11
5226,8
5227,14
5228,6
5229,8
5230,44
5231,13
5232,6
5233,8
5234,45
5235,7
5236,7
5237,25
5238,9
5239,30
5240,7
5241,40
5242,6
5243,8
5244,17
5245,28
5246,7
5247,13
5248,21
5249,7
5250,15
5251,10
5252,46
5253,7
5254,7
5255,6
5256,21
5257,9
5258,15
5259,10
5260,6
5261,11
5262,13
5263,6
5264,24
5265,9
5266,6
5267,11
5268,67
5269,18
5270,36
5271,13
5272,21
5273,7
5274,8
5275,15
5276,29
5277,6
5278,25
5279,25
5280,12
5281,9
5282,53
5283,17
5284,14
5285,24
5286,18
5287,8
5288,25
5289,19
5290,6
5291,12
5292,51
5293,32
5294,18
5295,22
5296,18
5297,17
5298,8
5299,19
5300,30
5301,14
5302,8
5303,7
5304,17
5305,8
5306,12
5307,7
5308,22
5309,13
5310,40
5311,8
5312,8
5313,10
5314,6
5315,42
5316,28
5317,12
5318,6
5319,7
5320,6
5321,52
5322,38
5323,13
5324,13
5325,7
5326,7
5327,21
5328,7
5329,20
5330,9
5331,26
5332,15
5333,6
5334,6
5335,17
5336,2
5337,72
5338,24
5339,9
5340,6
5341,14
5342,9
5343,9
5344,8
5345,9
5346,8
5347,19
5348,10
5349,20
5350,8
5351,34
5352,6
5353,41
5354,9
5355,6
5356,8
5357,35
5358,11
5359,6
5360,6
5361,7
5362,89
5363,8
5364,9
5365,6
5366,6
5367,10
5368,17
5369,50
5370,10
5371,10
5372,13
5373,58
5374,8
5375,10
5376,7
5377,20
5378,55
5379,7
5380,6
5381,15
5382,122
5383,10
5384,11
5385,15
5386,8
5387,8
5388,10
5389,11
5390,36
5391,8
5392,93
5393,11
5394,20
5395,14
5396,22
5397,15
5398,6
5399,15
5400,67
5401,7
5402,43
5403,25
5404,6
5405,7
5406,21
5407,6
5408,51
5409,6
5410,32
5411,33
5412,8
5413,9
5414,26
5415,6
5416,6
5417,16
5418,6
5419,8
5420,7
5421,16
5422,9
5423,27
5424,19
5425,29
5426,6
5427,31
5428,8
5429,9
5430,25
5431,8
5432,26
5433,16
5434,7
5435,57
5436,7
5437,8
5438,16
5439,6
5440,8
5441,16
5442,8
5443,68
5444,6
5445,8
5446,17
5447,27
5448,60
5449,15
5450,10
5451,6
5452,10
5453,7
5454,30
5455,7
5456,39
5457,6
5458,6
5459,11
5460,43
5461,6
5462,12
5463,6
5464,46
5465,8
5466,7
5467,6
5468,6
5469,52
5470,9
5471,6
5472,7
5473,70
5474,11
5475,11
5476,23
5477,25
5478,7
5479,6
5480,8
5481,49
5482,7
5483,6
5484,27
5485,21
5486,7
5487,14
5488,49
5489,11
5490,9
5491,10
5492,6
5493,30
5494,8
5495,27
5496,6
5497,24
5498,6
5499,21
5500,8
5501,9
5502,14
5503,15
5504,10
5505,41
5506,7
5507,7
5508,6
5509,17
5510,14
5511,15
5512,19
5513,7
5514,7
5515,11
5516,29
5517,6
5518,20
5519,45
5520,11
5521,6
5522,48
5523,11
5524,7
5525,6
5526,6
5527,7
5528,31
5529,25
5530,25
5531,9
5532,17
5533,16
5534,7
5535,17
5536,12
5537,32
5538,10
5539,6
5540,16
5541,10
5542,28
5543,7
5544,20
5545,6
5546,20
5547,6
5548,7
5549,9
5550,12
5551,21
5552,8
5553,15
5554,6
5555,37
5556,8
5557,53
5558,6
5559,14
5560,7
5561,12
5562,13
5563,22
5564,19
5565,6
5566,8
5567,7
5568,9
5569,31
5570,6
5571,9
5572,15
5573,28
5574,39
5575,7
5576,7
5577,7
5578,29
5579,17
5580,19
5581,11
5582,6
5583,13
5584,14
5585,6
5586,32
5587,14
5588,29
5589,8
5590,40
5591,7
5592,6
5593,7
5594,49
5595,6
5596,9
5597,16
5598,37
5599,6
5600,9
5601,25
5602,34
5603,10
5604,8
5605,8
5606,43
5607,8
5608,12
5609,8
5610,8
5611,29
5612,8
5613,26
5614,88
5615,20
5616,7
5617,11
5618,7
5619,11
5620,7
5621,8
5622,9
5623,20
5624,7
5625,7
5626,94
5627,9
5628,6
5629,16
5630,6
5631,17
5632,30
5633,47
5634,7
5635,6
5636,8
5637,6
5638,9
5639,19
5640,6
5641,25
5642,49
5643,18
5644,18
5645,18
5646,15
5647,36
5648,27
5649,48
5650,6
5651,7
5652,6
5653,8
5654,6
5655,33
5656,13
5657,21
5658,21
5659,31
5660,29
5661,31
5662,8
5663,11
5664,27
5665,15
5666,25
5667,12
5668,9
5669,19
5670,16
5671,11
5672,16
5673,7
5674,9
5675,23
5676,7
5677,6
5678,18
5679,7
5680,11
5681,11
5682,12
5683,37
5684,21
5685,20
5686,13
5687,12
5688,10
5689,7
5690,8
5691,103
5692,27
5693,51
5694,16
5695,14
5696,8
5697,7
5698,20
5699,7
5700,17
5701,10
5702,33
5703,6
5704,10
5705,6
5706,38
5707,18
5708,6
5709,6
5710,89
5711,18
5712,8
5713,6
5714,15
5715,21
5716,7
5717,8
5718,21
5719,8
5720,45
5721,57
5722,15
5723,6
5724,8
5725,7
5726,33
5727,13
5728,12
5729,83
5730,8
5731,6
5732,34
5733,19
5734,8
5735,27
5736,36
5737,13
5738,8
5739,6
5740,38
5741,13
5742,6
5743,8
5744,77
5745,14
5746,11
5747,32
5748,9
5749,183
5750,8
5751,103
5752,60
5753,75
5754,12
5755,8
5756,16
5757,7
5758,85
5759,8
5760,12
5761,7
5762,9
5763,26
5764,6
5765,8
5766,134
5767,8
5768,12
5769,15
5770,14
5771,17
5772,14
5773,7
5774,14
5775,29
5776,242
5777,13
5778,11
5779,20
5780,11
5781,10
5782,32
5783,9
5784,43
5785,63
5786,29
5787,144
5788,11
5789,16
5790,9
5791,12
5792,14
5793,15
5794,13
5795,39
5796,15
5797,134
5798,11
5799,8
5800,8
5801,16
5802,12
5803,8
5804,6
5805,16
5806,36
5807,13
5808,301
5809,12
5810,10
5811,10
5812,14
5813,9
5814,12
5815,48
5816,59
5817,91
5818,35
5819,139
5820,80
5821,6
5822,8
5823,9
5824,25
5825,6
5826,37
5827,9
5828,113
5829,11
5830,6
5831,9
5832,30
5833,13
5834,15
5835,8
5836,10
5837,39
5838,12
5839,54
5840,7
5841,29
5842,30
5843,27
5844,31
5845,14
5846,16
5847,25
5848,7
5849,6
5850,10
5851,10
5852,793
5853,2711
